{"stats":{"minecraft:custom":{"minecraft:time_since_rest":6077,"minecraft:sprint_one_cm":4938,"minecraft:crouch_one_cm":49,"minecraft:play_time":6077,"minecraft:damage_taken":50,"minecraft:walk_one_cm":7113,"minecraft:sneak_time":109,"minecraft:mob_kills":4,"minecraft:drop":37,"minecraft:jump":91,"minecraft:damage_dealt":45,"minecraft:leave_game":1,"minecraft:time_since_death":6077,"minecraft:total_world_time":6077,"minecraft:fall_one_cm":1172,"minecraft:fly_one_cm":142731},"minecraft:picked_up":{"minecraft:tnt":3,"minecraft:wheat_seeds":4,"minecraft:dirt":46},"minecraft:killed":{"minecraft:chicken":4},"minecraft:used":{"minecraft:dirt":12,"minecraft:flint_and_steel":12,"minecraft:tnt":203},"minecraft:mined":{"minecraft:grass_block":6},"minecraft:dropped":{"minecraft:dirt":13,"minecraft:tnt":24}},"DataVersion":2975}