{"stats":{"minecraft:dropped":{"minecraft:tnt":21},"minecraft:used":{"minecraft:flint_and_steel":1},"minecraft:killed":{"minecraft:chicken":4},"minecraft:custom":{"minecraft:jump":21,"minecraft:time_since_rest":2650,"minecraft:sprint_one_cm":1457,"minecraft:play_time":2650,"minecraft:damage_taken":50,"minecraft:time_since_death":2650,"minecraft:walk_one_cm":970,"minecraft:sneak_time":9,"minecraft:total_world_time":2650,"minecraft:mob_kills":4,"minecraft:drop":21,"minecraft:fall_one_cm":1172,"minecraft:fly_one_cm":48553}},"DataVersion":2975}