{"stats":{"minecraft:picked_up":{"minecraft:tnt":3,"minecraft:wheat_seeds":10,"minecraft:porkchop":1,"minecraft:dirt":244,"minecraft:cobblestone":12},"minecraft:dropped":{"minecraft:dirt":13,"minecraft:tnt":24},"minecraft:mined":{"minecraft:grass_block":6},"minecraft:killed":{"minecraft:pig":2,"minecraft:chicken":4},"minecraft:used":{"minecraft:dirt":17,"minecraft:flint_and_steel":26,"minecraft:tnt":224},"minecraft:custom":{"minecraft:time_since_rest":24340,"minecraft:crouch_one_cm":477,"minecraft:sprint_one_cm":31695,"minecraft:play_time":24340,"minecraft:damage_taken":50,"minecraft:walk_one_cm":21699,"minecraft:sneak_time":250,"minecraft:mob_kills":6,"minecraft:drop":37,"minecraft:jump":484,"minecraft:damage_dealt":145,"minecraft:leave_game":2,"minecraft:time_since_death":24340,"minecraft:total_world_time":24340,"minecraft:fall_one_cm":1172,"minecraft:fly_one_cm":271849}},"DataVersion":2975}