{
  "minecraft:adventure/root": {
    "criteria": {
      "killed_something": "2024-05-16 22:49:09 +0000"
    },
    "done": true
  },
  "minecraft:adventure/adventuring_time": {
    "criteria": {
      "minecraft:stony_shore": "2024-05-16 22:46:27 +0000",
      "minecraft:grove": "2024-05-16 22:47:10 +0000",
      "minecraft:forest": "2024-05-16 22:46:18 +0000",
      "minecraft:ocean": "2024-05-16 22:46:57 +0000",
      "minecraft:plains": "2024-05-16 22:48:01 +0000"
    },
    "done": false
  },
  "DataVersion": 2975
}